1|rKyB_gXofu8|title|description|youtube
2|5uAloVijVUE
3|rYQc0MCZ15Y
4|ZaClMn3InDQ
5|yjUsOnATL04
6|tCH05loAnZs
7|8rYHuaNAMco
8|5GTYn7Ymvxc
9|v7li51z3l2c
10|Vl8Y6xKIlR4
11|aIxs3MR6V1c
12|L5AcQqRavPw
13|jJfovUHIQLA
14|9KXkUJtaJJk
15|Wve7oC6tRqM
16|wRKiNRkW2Aw
17|P0IIimYXEN4
18|dy9vjfaKPic
19|StfrA9IhYuY
20|MOn_coQYMvY
21|rBJvdlVyDnA
22|onrb6PXZfYc
23|WUWIcF_puhg
24|HdslrpYWbSY
25|EwQcQ9qKAnQ
26|lOXUuYcmMOo
27|vUPLwHfT2nw
28|7D54RAQYqJ0
29|5GB4ADQHSvc
30|0Zbp-rpJKvE
31|9OgwcNjLatU
32|FaRsDMGQ7hg
33|AzdmRntpg9M
34|8l4NzEA1xes
35|DvWFiU_08sc
36|HYyGB_FYtTk
37|bu4aGNYU1RE
38|yTlPWJ_3WJY
39|9tyqznzPBco
40|Ylfamh49x44
41|JSbY2S66kxc
42|UwwWhkgvo1A
43|SKt8K2K7EmE
44|IXJHeIAD8jk
45|ys_Lv-8FUwM
46|4O9Beo_3HH8
47|fk0dofHpj-8
48|92ATj4XHg30
49|YJc575voE5Q
50|iEK_ynXWYkg
51|4tehWTtC_tA
52|XiqlPs0okYI
53|lyLcdNYJJ-c
54|gKDW-_n-UzE
55|w2TclXLGa0s
56|NpDmQQsHqls
57|03aowMrfPKQ
58|8YnD0O0YISo
59|kWxoKqlbVkY
60|cV_T4mM92PE
61|LrWCC-mv0eY
62|sMWlGjln8yU
63|3GbKjs0xIXo
64|AGHinPS-zYA
65|mYUfhJOI_uI
66|w1apHUcPPqA
67|HAvoAbSWog0
68|o4YVnT-13vI
69|pKxQcc_bt5I
70|0gppBpci6Zg
71|TFTUsgCiO_w
72|yAvkocWqDX4
73|ryOPDU7YO-A
74|b-tO_a-5AZk
75|S3bhpq4oCuI
76|w6c9HTleIHk
77|2u2ymYzOsng
78|mcUyEiSOpYQ
79|XyRbaDmfxRk
80|_vc7YkuzDb0
81|TKYFv7QeMwY
82|LO8HFpsoYxg
83|WJ1gGnPwKLk
84|BDhhcfNz2EE
85|wgy9UNliX_Q
86|-YiG7epM098
87|eQtr5YSKo-Q
88|DKmARw4HTvU
89|xKYosa5xOGA
90|cOIrWNr6lqc
91|Tj2-0I-Q-4A
92|FDMY4aG9I5A
93|hhzv4LVY44g
94|9uqF4jSNJT0
95|4y9DK9vn2Zw
96|naLAn-eh2PE
97|Bfh9D8ZCiB8
98|PVRLWP6c4DQ
99|IQzk95xjGWw
100|_JxIOZamWLA
101|owvYKdiNQ7E
102|xwd6h9MBgBs
103|vDgpokh-Avw
104|WfXtgMD_eOA
105|BfTRhY3Poiw
106|mokMVkNkcyY
107|Y0AYW0kX3JI
108|iAqo41rK5e8
109|Bf19XcRdDXs
110|8tJb55yYcLA
111|gRTIkiJ2joU
112|HuP21cErsug
113|jBpWQz0R69s
114|C4nRZVo39VA